{"v":"4.6.8","fr":25,"ip":0,"op":75,"w":2400,"h":480,"nm":"animate_tab","ddd":0,"assets":[],"layers":[{"ddd":0,"ind":1,"ty":4,"nm":"tab_1","ks":{"o":{"a":0,"k":100},"r":{"a":0,"k":0},"p":{"a":0,"k":[1200,470,0]},"a":{"a":0,"k":[393,8,0]},"s":{"a":1,"k":[{"i":{"x":[0,0.667,0.667],"y":[1,0.667,0.667]},"o":{"x":[1,0.333,0.333],"y":[0,0.333,0.333]},"n":["0_1_1_0","0p667_0p667_0p333_0p333","0p667_0p667_0p333_0p333"],"t":10,"s":[100,100,100],"e":[0,100,100]},{"i":{"x":[0.833,0.833,0.833],"y":[0.833,0.833,0.833]},"o":{"x":[0.167,0.167,0.167],"y":[0.167,0.167,0.167]},"n":["0p833_0p833_0p167_0p167","0p833_0p833_0p167_0p167","0p833_0p833_0p167_0p167"],"t":29,"s":[0,100,100],"e":[0,100,100]},{"i":{"x":[0,0.667,0.667],"y":[1,0.667,0.667]},"o":{"x":[1,0.333,0.333],"y":[0,0.333,0.333]},"n":["0_1_1_0","0p667_0p667_0p333_0p333","0p667_0p667_0p333_0p333"],"t":45,"s":[0,100,100],"e":[100,100,100]},{"t":64}]}},"ao":0,"shapes":[{"ty":"gr","it":[{"ty":"rc","d":1,"s":{"a":0,"k":[1200,20]},"p":{"a":0,"k":[0,0]},"r":{"a":0,"k":0},"nm":"Rectangle Path 1","mn":"ADBE Vector Shape - Rect"},{"ty":"fl","c":{"a":0,"k":[0.1843137,0.7372549,0.6039216,1]},"o":{"a":0,"k":100},"r":1,"nm":"Fill 1","mn":"ADBE Vector Graphic - Fill"},{"ty":"tr","p":{"a":0,"k":[-207,8],"ix":2},"a":{"a":0,"k":[0,0],"ix":1},"s":{"a":0,"k":[100,100],"ix":3},"r":{"a":0,"k":0,"ix":6},"o":{"a":0,"k":100,"ix":7},"sk":{"a":0,"k":0,"ix":4},"sa":{"a":0,"k":0,"ix":5},"nm":"Transform"}],"nm":"Rectangle 1","np":3,"cix":2,"ix":1,"mn":"ADBE Vector Group"}],"ip":0,"op":75,"st":0,"bm":0,"sr":1},{"ddd":0,"ind":2,"ty":4,"nm":"tab_2","ks":{"o":{"a":0,"k":100},"r":{"a":0,"k":0},"p":{"a":0,"k":[1200,470,0]},"a":{"a":0,"k":[-807,8,0]},"s":{"a":1,"k":[{"i":{"x":[0,0.667,0.667],"y":[1,0.667,0.667]},"o":{"x":[1,0.333,0.333],"y":[0,0.333,0.333]},"n":["0_1_1_0","0p667_0p667_0p333_0p333","0p667_0p667_0p333_0p333"],"t":15,"s":[0,100,100],"e":[100,100,100]},{"i":{"x":[0.833,0.833,0.833],"y":[0.833,0.833,0.833]},"o":{"x":[0.167,0.167,0.167],"y":[0.167,0.167,0.167]},"n":["0p833_0p833_0p167_0p167","0p833_0p833_0p167_0p167","0p833_0p833_0p167_0p167"],"t":34,"s":[100,100,100],"e":[100,100,100]},{"i":{"x":[0,0.667,0.667],"y":[1,0.667,0.667]},"o":{"x":[1,0.333,0.333],"y":[0,0.333,0.333]},"n":["0_1_1_0","0p667_0p667_0p333_0p333","0p667_0p667_0p333_0p333"],"t":50,"s":[100,100,100],"e":[0,100,100]},{"t":69}]}},"ao":0,"shapes":[{"ty":"gr","it":[{"ty":"rc","d":1,"s":{"a":0,"k":[1200,20]},"p":{"a":0,"k":[0,0]},"r":{"a":0,"k":0},"nm":"Rectangle Path 1","mn":"ADBE Vector Shape - Rect"},{"ty":"fl","c":{"a":0,"k":[0.1843137,0.7372549,0.6039216,1]},"o":{"a":0,"k":100},"r":1,"nm":"Fill 1","mn":"ADBE Vector Graphic - Fill"},{"ty":"tr","p":{"a":0,"k":[-207,8],"ix":2},"a":{"a":0,"k":[0,0],"ix":1},"s":{"a":0,"k":[100,100],"ix":3},"r":{"a":0,"k":0,"ix":6},"o":{"a":0,"k":100,"ix":7},"sk":{"a":0,"k":0,"ix":4},"sa":{"a":0,"k":0,"ix":5},"nm":"Transform"}],"nm":"Rectangle 1","np":3,"cix":2,"ix":1,"mn":"ADBE Vector Group"}],"ip":0,"op":75,"st":0,"bm":0,"sr":1},{"ddd":0,"ind":3,"ty":1,"nm":"click_tab_1","ks":{"o":{"a":0,"k":10},"r":{"a":0,"k":0},"p":{"a":0,"k":[600,240,0]},"a":{"a":0,"k":[600,240,0]},"s":{"a":0,"k":[100,100,100]}},"ao":0,"sw":1200,"sh":480,"sc":"#2fbc9a","ip":45,"op":48,"st":8,"bm":0,"sr":1},{"ddd":0,"ind":4,"ty":1,"nm":"click_tab_2","ks":{"o":{"a":0,"k":10},"r":{"a":0,"k":0},"p":{"a":0,"k":[1800,240,0]},"a":{"a":0,"k":[600,240,0]},"s":{"a":0,"k":[100,100,100]}},"ao":0,"sw":1200,"sh":480,"sc":"#2fbc9a","ip":10,"op":13,"st":-27,"bm":0,"sr":1}]}