{"v":"4.6.8","fr":30,"ip":0,"op":51,"w":80,"h":80,"nm":"ic_fav","ddd":0,"assets":[],"layers":[{"ddd":0,"ind":1,"ty":4,"nm":"ic_fav_stroke","ks":{"o":{"a":1,"k":[{"i":{"x":[0.397],"y":[1]},"o":{"x":[0.17],"y":[0]},"n":["0p397_1_0p17_0"],"t":11,"s":[100],"e":[0]},{"t":21}]},"r":{"a":0,"k":0},"p":{"a":0,"k":[40,40,0]},"a":{"a":0,"k":[6.25,-1.897,0]},"s":{"a":1,"k":[{"i":{"x":[0,0,0.667],"y":[1,1,0.667]},"o":{"x":[0.53,0.53,0.333],"y":[0,0,0.333]},"n":["0_1_0p53_0","0_1_0p53_0","0p667_0p667_0p333_0p333"],"t":8,"s":[91,91,100],"e":[75,75,100]},{"i":{"x":[0.448,0.448,0.667],"y":[1,1,0.667]},"o":{"x":[0.103,0.103,0.333],"y":[0,0,0.333]},"n":["0p448_1_0p103_0","0p448_1_0p103_0","0p667_0p667_0p333_0p333"],"t":17,"s":[75,75,100],"e":[91,91,100]},{"t":21}]}},"ao":0,"shapes":[{"ty":"gr","it":[{"ty":"sr","sy":1,"d":2,"pt":{"a":0,"k":5,"ix":3},"p":{"a":0,"k":[0,0],"ix":4},"r":{"a":0,"k":0,"ix":5},"ir":{"a":0,"k":12.552,"ix":6},"is":{"a":0,"k":0,"ix":8},"or":{"a":0,"k":25.105,"ix":7},"os":{"a":0,"k":0,"ix":9},"ix":1,"nm":"Polystar Path 1","mn":"ADBE Vector Shape - Star"},{"ty":"st","c":{"a":0,"k":[1,0.2039216,0.4,1]},"o":{"a":0,"k":100},"w":{"a":0,"k":2},"lc":1,"lj":1,"ml":4,"nm":"Stroke 1","mn":"ADBE Vector Graphic - Stroke"},{"ty":"tr","p":{"a":0,"k":[6.25,0.5],"ix":2},"a":{"a":0,"k":[0,0],"ix":1},"s":{"a":0,"k":[100,100],"ix":3},"r":{"a":0,"k":0,"ix":6},"o":{"a":0,"k":100,"ix":7},"sk":{"a":0,"k":0,"ix":4},"sa":{"a":0,"k":0,"ix":5},"nm":"Transform"}],"nm":"Polystar 1","np":3,"cix":2,"ix":1,"mn":"ADBE Vector Group"}],"ip":0,"op":51,"st":0,"bm":0,"sr":1},{"ddd":0,"ind":2,"ty":4,"nm":"ic_fav_fill","ks":{"o":{"a":0,"k":100},"r":{"a":0,"k":0},"p":{"a":0,"k":[40,40,0]},"a":{"a":0,"k":[6.25,-1.897,0]},"s":{"a":1,"k":[{"i":{"x":[0.618,0.618,0.667],"y":[1,1,0.667]},"o":{"x":[0.712,0.712,0.167],"y":[0,0,0.167]},"n":["0p618_1_0p712_0","0p618_1_0p712_0","0p667_0p667_0p167_0p167"],"t":14,"s":[0,0,100],"e":[125,125,100]},{"i":{"x":[0.453,0.453,0.667],"y":[1,1,0.667]},"o":{"x":[0.545,0.545,0.333],"y":[0,0,0.333]},"n":["0p453_1_0p545_0","0p453_1_0p545_0","0p667_0p667_0p333_0p333"],"t":23,"s":[125,125,100],"e":[75,75,100]},{"i":{"x":[0.547,0.547,0.667],"y":[1,1,0.667]},"o":{"x":[0.971,0.971,0.333],"y":[0,0,0.333]},"n":["0p547_1_0p971_0","0p547_1_0p971_0","0p667_0p667_0p333_0p333"],"t":29,"s":[75,75,100],"e":[100,100,100]},{"t":34}]}},"ao":0,"shapes":[{"ty":"gr","it":[{"ty":"sr","sy":1,"d":1,"pt":{"a":0,"k":5,"ix":3},"p":{"a":0,"k":[0,0],"ix":4},"r":{"a":0,"k":0,"ix":5},"ir":{"a":0,"k":12.552,"ix":6},"is":{"a":0,"k":0,"ix":8},"or":{"a":0,"k":25.105,"ix":7},"os":{"a":0,"k":0,"ix":9},"ix":1,"nm":"Polystar Path 1","mn":"ADBE Vector Shape - Star"},{"ty":"fl","c":{"a":0,"k":[1,0.2039216,0.4,1]},"o":{"a":0,"k":100},"r":1,"nm":"Fill 1","mn":"ADBE Vector Graphic - Fill"},{"ty":"tr","p":{"a":0,"k":[6.25,0.5],"ix":2},"a":{"a":0,"k":[0,0],"ix":1},"s":{"a":0,"k":[100,100],"ix":3},"r":{"a":0,"k":0,"ix":6},"o":{"a":0,"k":100,"ix":7},"sk":{"a":0,"k":0,"ix":4},"sa":{"a":0,"k":0,"ix":5},"nm":"Transform"}],"nm":"Polystar 1","np":3,"cix":2,"ix":1,"mn":"ADBE Vector Group"}],"ip":0,"op":51,"st":0,"bm":0,"sr":1},{"ddd":0,"ind":3,"ty":4,"nm":"ic_oval","ks":{"o":{"a":1,"k":[{"i":{"x":[0.667],"y":[1]},"o":{"x":[0.333],"y":[0]},"n":["0p667_1_0p333_0"],"t":11,"s":[0],"e":[75]},{"i":{"x":[0.667],"y":[1]},"o":{"x":[0.333],"y":[0]},"n":["0p667_1_0p333_0"],"t":20,"s":[75],"e":[0]},{"t":31}]},"r":{"a":0,"k":0},"p":{"a":0,"k":[40,40,0]},"a":{"a":0,"k":[2,1.5,0]},"s":{"a":1,"k":[{"i":{"x":[0.3,0.3,0.667],"y":[1,1,0.667]},"o":{"x":[0.834,0.834,0.333],"y":[0,0,0.333]},"n":["0p3_1_0p834_0","0p3_1_0p834_0","0p667_0p667_0p333_0p333"],"t":11,"s":[0,0,100],"e":[140,140,100]},{"t":28}]}},"ao":0,"shapes":[{"ty":"gr","it":[{"d":1,"ty":"el","s":{"a":0,"k":[49,49]},"p":{"a":0,"k":[0,0]},"nm":"Ellipse Path 1","mn":"ADBE Vector Shape - Ellipse"},{"ty":"st","c":{"a":0,"k":[1,0.2039216,0.4,1]},"o":{"a":0,"k":100},"w":{"a":1,"k":[{"i":{"x":[0.667],"y":[1]},"o":{"x":[0.333],"y":[0]},"n":["0p667_1_0p333_0"],"t":11,"s":[0],"e":[10]},{"i":{"x":[0.667],"y":[1]},"o":{"x":[0.333],"y":[0]},"n":["0p667_1_0p333_0"],"t":23,"s":[10],"e":[0]},{"t":31}]},"lc":2,"lj":2,"nm":"Stroke 1","mn":"ADBE Vector Graphic - Stroke"},{"ty":"tr","p":{"a":0,"k":[2,1.5],"ix":2},"a":{"a":0,"k":[0,0],"ix":1},"s":{"a":0,"k":[100,100],"ix":3},"r":{"a":0,"k":0,"ix":6},"o":{"a":0,"k":100,"ix":7},"sk":{"a":0,"k":0,"ix":4},"sa":{"a":0,"k":0,"ix":5},"nm":"Transform"}],"nm":"Ellipse 1","np":3,"cix":2,"ix":1,"mn":"ADBE Vector Group"}],"ip":0,"op":51,"st":0,"bm":0,"sr":1}]}